1,Hart Stickland,Business Development
2,Brett Imlock,Human Resources
3,Francesco Lennarde,Training
4,Elmo Duffield,Sales
5,Karlene Pedden,Product Management
6,Alford Golds,Accounting
7,Lucius Eddis,Sales
8,Archibold Blench,Marketing
9,Arvy Twinbrow,Accounting
10,Lona Gristwood,Engineering
11,Carol Drysdell,Legal
12,Jecho Vedenisov,Support
13,Francene Eddisforth,Accounting
14,Gianna Bellanger,Marketing
15,Marabel Brahmer,Human Resources
16,Inness Penkethman,Accounting
17,Dell Halms,Sales
18,Steffie Andryushin,Business Development
19,Burg Danielut,Research and Development
20,Camel Curme,Product Management
21,Allard Wrennall,Services
22,Dare Camillo,Marketing
23,Chrysler Adger,Engineering
24,Wayne Abrashkov,Accounting
25,Brit Gianettini,Product Management
26,Silvia Chessill,Marketing
27,Isabella Marchand,Human Resources
28,Dionisio Tryhorn,Human Resources
29,Dorisa Fothergill,Accounting
30,Tania Taleworth,Research and Development
31,Bordie Snyder,Engineering
32,Dari Hall-Gough,Human Resources
33,Janelle Howgate,Legal
34,Mae Stratten,Engineering
35,Flossy Fasson,Engineering
36,Elisabeth Sandlin,Services
37,Krystalle Rubinchik,Human Resources
38,Elsinore Pringer,Legal
39,Adan Burlay,Engineering
40,Keane Adelberg,Business Development
41,Parry Dehm,Human Resources
42,Zola Chestle,Human Resources
43,Dacey Venny,Human Resources
44,Laure Duling,Product Management
45,Lira Canfield,Business Development
46,Lane Dear,Engineering
47,Hermie Inglese,Accounting
48,Conant Bick,Support
49,Rockie Lindberg,Accounting
50,Desdemona Brentnall,Human Resources
51,Lindon Yurkin,Product Management
52,Ross Heims,Marketing
53,Conchita Siret,Research and Development
54,Joshia Brookwell,Business Development
55,Frasier Garrard,Services
56,Colas Meaden,Marketing
57,Dorisa Archbutt,Marketing
58,Heinrik Vakhrushin,Accounting
59,Marge Southall,Legal
60,Liva Strettle,Marketing
61,Craggy Colum,Research and Development
62,Myrtie Ormerod,Marketing
63,Correy Raubheim,Engineering
64,Erv O'Sharkey,Legal
65,Tobit Ockenden,Services
66,Ted O'Lunny,Business Development
67,Dewey Westmarland,Legal
68,Rayna Hlavac,Support
69,Omero Pluthero,Product Management
70,Carri Pettit,Accounting
71,Luciano Drinkwater,Services
72,Junina Bidnall,Services
73,Jeffrey Gandy,Business Development
74,Sherm Kilgrove,Research and Development
75,Seumas Hasnney,Accounting
76,Alys Filimore,Services
77,Angelia Bru,Accounting
78,Waylin Duesberry,Training
79,Tildy Bowdery,Research and Development
80,Brandie Bound,Human Resources
81,Zuzana Quantrell,Product Management
82,Stillman Otson,Product Management
83,Luce Annandale,Marketing
84,Kerrie Krolman,Marketing
85,Flory Tran,Accounting
86,Gay Moore,Sales
87,Lillian Pillinger,Sales
88,Arnoldo Bayles,Business Development
89,Phillida Pinxton,Human Resources
90,Thomasine Paynes,Engineering
91,Rip Breche,Training
92,Carolus Balling,Research and Development
93,Dorree Crank,Training
94,Ramsey Suett,Marketing
95,Rafe Ferrant,Support
96,Raf Marsay,Legal
97,Durand Grishakov,Engineering
98,Mommy Mushart,Human Resources
99,Adora Pischel,Sales
100,Rafaello Billo,Marketing
101,Benoit Genicke,Business Development
102,Ulrikaumeko Buckberry,Services
103,Dani Rigney,Research and Development
104,Gabriella Coleford,Product Management
105,Aindrea McCaughran,Accounting
106,Anatole Hand,Support
107,Nikolaos Tourry,Accounting
108,Yancy Sebrens,Research and Development
109,Robinetta Feasby,Support
110,Jacklyn Merricks,Engineering
111,Genia Hungerford,Research and Development
112,Dru Tetla,Engineering
113,Gwennie Cherry,Training
114,Loreen Lambot,Sales
115,Hort Caygill,Human Resources
116,Jammie Pilgram,Support
117,Geordie Gait,Research and Development
118,Neila Guisot,Sales
119,Jakob McGuinley,Product Management
120,Reinold Drayn,Support
121,Fran Shearmur,Support
122,Keene Bartholomaus,Training
123,Nana Cancellieri,Product Management
124,Electra Winstanley,Training
125,Ceil Durnford,Legal
126,Jesse Jewar,Business Development
127,Beth Davern,Product Management
128,Eudora Ochiltree,Services
129,Alameda Fooks,Training
130,Kendre Duffer,Business Development
131,Fae Brosi,Marketing
132,Alexa Crisall,Sales
133,Farah Benoix,Research and Development
134,Modestia McMorran,Training
135,Bradford Cristofanini,Business Development
136,Janina Brickwood,Accounting
137,Hilario Gorvette,Human Resources
138,Sean Bellchamber,Training
139,Cathee Bugbird,Sales
140,Yolane Clarycott,Sales
141,Ignace Verduin,Engineering
142,Carlen Witherop,Human Resources
143,Aili Parnaby,Marketing
144,Valentia Axcel,Human Resources
145,Britteny Hilhouse,Support
146,Dedra Andreou,Product Management
147,Hale Muggeridge,Training
148,Cissiee Lashmore,Accounting
149,Concettina Dewhirst,Business Development
150,Alvan Armstrong,Legal
151,Dreddy Zannetti,Research and Development
152,Kalvin Vasyunin,Accounting
153,Hilliary Anchor,Sales
154,Clarabelle Stent,Legal
155,Edsel Swiffin,Accounting
156,Sherwood de Voiels,Accounting
157,Conny Margeram,Services
158,Heindrick Packe,Support
159,Sheridan Rich,Training
160,Bald Hollingsby,Support
161,Bridget Iveans,Training
162,Patti Hannah,Legal
163,Lanette Poad,Accounting
164,Gene Daice,Legal
165,Sydelle Basso,Business Development
166,Cointon Chevolleau,Research and Development
167,Quinta Cornhill,Support
168,Juieta Fontes,Product Management
169,Thurstan Govinlock,Legal
170,Nikos Southerton,Business Development
171,Julee Panons,Sales
172,Lexis Eddolls,Business Development
173,Andrey Sandeman,Marketing
174,Minnaminnie Gonzalo,Research and Development
175,Addy Bumphrey,Accounting
176,Bobbe Bloyes,Product Management
177,Teodora Marrett,Sales
178,Cassandry Burwood,Product Management
179,Lucretia Pack,Marketing
180,Gunilla Matzaitis,Training
181,Ragnar Torricella,Services
182,Arlen Lafoy,Product Management
183,Maurizia Plose,Product Management
184,Romona Atthowe,Product Management
185,Sheelagh Storres,Sales
186,Roze Mc Comb,Support
187,Brewer Woolen,Accounting
188,Skylar Bessom,Product Management
189,Eddy Russ,Legal
190,North Newbold,Sales
191,Allyn Prendiville,Research and Development
192,Dorotea Nayer,Support
193,Demott Arnaudon,Research and Development
194,Winthrop Crimes,Human Resources
195,Gordan Bedle,Product Management
196,Melody Balling,Product Management
197,Kerrin Jotcham,Business Development
198,Constantia Vallis,Business Development
199,Katharine Caruth,Accounting
200,Fletch Jeskin,Services
201,Maia Bartoli,Sales
202,Noni Weld,Product Management
203,Theobald Coverdill,Marketing
204,Zita Charle,Legal
205,Devora Taunton.,Sales
206,Stephanie Stenton,Human Resources
207,Cecilia Quaintance,Support
208,Antonia MacGillavery,Engineering
209,Meara Heifer,Product Management
210,Kaleena Brennon,Human Resources
211,Candace Avon,Research and Development
212,Caron Luxen,Product Management
213,Shanna Goward,Services
214,Raddy Trevallion,Human Resources
215,Suzette Blint,Legal
216,Nestor de Savery,Marketing
217,Jacquelyn Groll,Research and Development
218,Alisha Ambrus,Research and Development
219,Kristen Monk,Accounting
220,Holli Arling,Engineering
221,Winifred Matczak,Legal
222,Gunther Rudham,Human Resources
223,Fredia Dietmar,Sales
224,Padgett Casper,Sales
225,Silvain Thoms,Support
226,Marti Swanger,Research and Development
227,Ellery Dionsetto,Accounting
228,Inez Lahive,Training
229,Louis Lord,Business Development
230,Marcia Rippingale,Accounting
231,Nady Davidovich,Accounting
232,Rodi Izkovitch,Marketing
233,Shannen Yele,Product Management
234,Hubie Zukerman,Support
235,Orlan Yurikov,Human Resources
236,Brandie Wannan,Accounting
237,Lavinie Krop,Research and Development
238,Darcie Parken,Sales
239,Niel Killingworth,Support
240,Thaine Stonhard,Marketing
241,Colas Oehme,Engineering
242,Andreas Griggs,Human Resources
243,Patric Glasson,Research and Development
244,Gustavus Symcock,Support
245,Alphard Bedder,Sales
246,Vernon Measham,Legal
247,Aubry Drydale,Support
248,Emmeline Lynde,Marketing
249,Maddy Groger,Product Management
250,Norene Mordue,Human Resources
251,Christian Horrod,Support
252,Hewet Elloway,Product Management
253,Lesya Cordeau],Services
254,Phaedra Bagot,Marketing
255,Goddard Tidgewell,Training
256,Julieta Kilcoyne,Support
257,Elvis Gorbell,Business Development
258,Devonna Gallon,Legal
259,Louisa Wrennall,Business Development
260,Irita Aspling,Legal
261,Petra Rodinger,Training
262,Lucien Shillabear,Legal
263,Stan Roscamp,Engineering
264,Kelby Gruszecki,Support
265,Gregg Raymen,Marketing
266,Jervis Duffyn,Product Management
267,Cassi Eblein,Product Management
268,Hube Songist,Business Development
269,Garvey Crother,Human Resources
270,Jessika Allabush,Research and Development
271,Marilin Hallut,Accounting
272,Angelo Glencros,Support
273,Rodd Hyder,Sales
274,Kristine Carik,Training
275,Warden Bonas,Marketing
276,Steffane Jarrard,Engineering
277,Jocko McMonnies,Legal
278,Zena Grellier,Product Management
279,Burnard Haistwell,Product Management
280,Gerome Littlekit,Product Management
281,Jessee Minkin,Human Resources
282,Inger Ropkins,Human Resources
283,Jami Millard,Support
284,Catharine Clayworth,Sales
285,Simona Fer,Sales
286,Yolanda Dominichetti,Human Resources
287,Shari Creasey,Product Management
288,Teresina Coller,Marketing
289,Cherie Sinnie,Research and Development
290,Dorree Geraudy,Human Resources
291,Vidovik Strotton,Research and Development
292,Cirstoforo Baynam,Sales
293,Concettina Blakemore,Accounting
294,Justinn Kropach,Accounting
295,Bibi Tzar,Legal
296,Lily Ortells,Product Management
297,Brenna Rogerson,Training
298,Babette Lewsam,Legal
299,Ferrell Scurman,Legal
300,Evonne Louth,Product Management
301,Garreth Sheirlaw,Engineering
302,Tiff Wimes,Services
303,Rafe Guerra,Support
304,Clotilda Grinvalds,Human Resources
305,Elfreda Crane,Sales
306,Beatrice Dibling,Business Development
307,Pete O'Carmody,Research and Development
308,Hermione Crossland,Research and Development
309,Basilio Berthomier,Accounting
310,Langsdon Paolone,Support
311,Carrol Comar,Legal
312,Emmey Traske,Product Management
313,Carmine Kovelmann,Training
314,Svend Setterfield,Accounting
315,Lindi Jordon,Human Resources
316,Ab A'Barrow,Legal
317,Rudiger Garlick,Marketing
318,Lelia Walsom,Product Management
319,Esra Heisham,Legal
320,Cybil Thorsen,Business Development
321,Rolando Ofer,Legal
322,Hulda Carlos,Support
323,Zelma Bru,Sales
324,Vanessa Bearcock,Marketing
325,Idalia Jent,Sales
326,Louisa Hamstead,Accounting
327,Peggie Blackstone,Legal
328,Twyla Maase,Product Management
329,Dredi Bollands,Engineering
330,Kassey Dutch,Product Management
331,Jeniece Victor,Marketing
332,Gilly Deighan,Legal
333,Rivkah Verrick,Marketing
334,Kalindi Uebel,Accounting
335,Joe Chippindale,Marketing
336,Lucretia Croot,Training
337,Davidson Rayne,Services
338,Britt Portigall,Business Development
339,Tally McNeigh,Services
340,Lenci Tidbury,Human Resources
341,Calhoun Bick,Human Resources
342,Bryce Greene,Product Management
343,Kahlil Plunket,Human Resources
344,Beatrice Oldcote,Product Management
345,Lari Jeffcoate,Engineering
346,Saxe Izachik,Training
347,Rolf Pickover,Support
348,Kory Mordey,Services
349,Shelbi Edridge,Support
350,Leif Breeds,Legal
351,Talbert Severn,Product Management
352,Wynnie Buller,Research and Development
353,Christos Grant,Services
354,Krista Cummine,Research and Development
355,Tarrance Winchurst,Services
356,Thorny Burkert,Training
357,Jacklyn Colcomb,Marketing
358,Fawnia Roggieri,Engineering
359,Matthaeus Page,Sales
360,Bren Jantzen,Sales
361,Derick Thickens,Engineering
362,Coralyn Shaw,Human Resources
363,Colin Cobbled,Services
364,Laurella Hay,Human Resources
365,Renaldo Merlin,Product Management
366,Carolyn Kennedy,Product Management
367,Ronica Bernhardi,Legal
368,Waldo Tether,Research and Development
369,Hildegarde Walicki,Marketing
370,Micki Astling,Services
371,Modesty Walton,Engineering
372,Hugues Durnall,Product Management
373,Valry Benner,Training
374,Syman Dunphy,Research and Development
375,Rex Prigmore,Accounting
376,Alameda O'Rafferty,Product Management
377,Avictor Mirando,Marketing
378,Bud Theakston,Business Development
379,Sully Royall,Human Resources
380,Blair Guppy,Marketing
381,Lynne Stainburn,Sales
382,Bartlett Gow,Accounting
383,Lin Hendrikse,Business Development
384,Jedidiah Cushelly,Business Development
385,Demetris Tropman,Product Management
386,Delora Alessandrini,Legal
387,Quintilla Rowter,Product Management
388,Fin Sherme,Business Development
389,Myrtia Steinson,Accounting
390,Layney Preator,Product Management
391,Yetty Arkell,Training
392,Marline Halliburton,Business Development
393,Tatum Astill,Sales
394,Marguerite Palley,Human Resources
395,Oralee Davydychev,Accounting
396,Curran Steffan,Product Management
397,Janean Josifovic,Training
398,Jamal McElree,Human Resources
399,Daria Blazek,Training
400,Tracee Barnwell,Engineering
401,Shannon Vallerine,Product Management
402,Murial Ilbert,Marketing
403,Karia Goldes,Sales
404,Pepi McGrill,Support
405,Dalli Gimbrett,Training
406,Shir Kristufek,Legal
407,Rockie Letcher,Engineering
408,Tamar Meeson,Accounting
409,Olga Hannent,Services
410,Bennett Taree,Legal
411,Quintus Michell,Services
412,Durant Kittow,Services
413,Gillan Tardiff,Training
414,Theresa Bounds,Research and Development
415,Nehemiah Pinxton,Human Resources
416,Valerye Triggle,Business Development
417,Gratia Ceyssen,Training
418,Trevar Weinberg,Training
419,Aleda Shaw,Human Resources
420,Inigo Churchyard,Services
421,Nanette Castanone,Accounting
422,Joice Darnell,Support
423,Lilli Fountian,Human Resources
424,Lora MacPaik,Business Development
425,Issy O'Carroll,Engineering
426,Darell Crang,Services
427,Aloise Dodding,Marketing
428,Chester Duffett,Sales
429,Alonzo Restall,Sales
430,Ferdinand Hehnke,Product Management
431,Frances Sandwich,Sales
432,Louis D'Alessandro,Marketing
433,Gwenore Cosslett,Product Management
434,Calypso Jenking,Sales
435,Neville Torrese,Product Management
436,Ally Leggon,Sales
437,Rab Brownsworth,Legal
438,Jacqueline Brear,Marketing
439,Kissiah Benardeau,Accounting
440,Celestyn Bussel,Human Resources
441,Mab Calterone,Engineering
442,Orran Yarnall,Engineering
443,Kip Dearell,Legal
444,Trish Challenor,Support
445,Sal Rosenhaus,Services
446,Locke Smoth,Research and Development
447,Marijo Lettuce,Sales
448,Kayley Dirr,Accounting
449,Hannie Latliff,Training
450,Web Kirtlan,Legal
451,Calhoun Hanks,Research and Development
452,Trudy Pole,Research and Development
453,Flossy Rappa,Engineering
454,Robin Espinola,Human Resources
455,Emerson Rickardsson,Training
456,Melli Sancias,Product Management
457,Clint Noye,Accounting
458,Julia Dickings,Business Development
459,Del Tuffley,Human Resources
460,Osmond Kuschel,Research and Development
461,Marj Brager,Accounting
462,Nickolas Seifert,Sales
463,Kori Goodbarne,Research and Development
464,Coop Rolph,Business Development
465,Freeman Crippen,Support
466,Rayshell Keeri,Legal
467,Curt Daye,Marketing
468,Regan Fernanando,Business Development
469,Ladonna Fieldhouse,Sales
470,Sybille Damper,Marketing
471,Rey Smurfit,Sales
472,Garrett Baggiani,Support
473,Consolata McGrirl,Marketing
474,Harald Greystoke,Sales
475,Mirabel Castle,Business Development
476,Miller Duchesne,Human Resources
477,Hulda Durnell,Support
478,Faythe Shoreson,Support
479,Ingamar Pinder,Sales
480,Husain Babst,Legal
481,Kass Thoresbie,Business Development
482,Igor Geare,Research and Development
483,Gracie Postill,Human Resources
484,Kelila Coffey,Training
485,Kelci Windas,Support
486,Whit Ormistone,Engineering
487,Joey Ort,Product Management
488,Angeline Fitzsimmons,Product Management
489,Danna Astlett,Research and Development
490,Bryn Dungey,Accounting
491,Kristel Sprowson,Services
492,Jeana Gooble,Human Resources
493,Cornie Kestin,Accounting
494,Malva Rheaume,Sales
495,Giulietta Stenhouse,Legal
496,Roana Delgado,Human Resources
497,Clarisse Breeton,Research and Development
498,Jefferson Strang,Legal
499,Ethelbert Doneld,Support
500,Archibold Morrowe,Legal
501,Gualterio Blankhorn,Legal
502,Breena Belliard,Business Development
503,Micheline Stouther,Training
504,Iver Cund,Product Management
505,Dunc Bigmore,Product Management
506,Cissiee Bruford,Training
507,Toby Adolf,Accounting
508,Hadria Yurkov,Business Development
509,Ebony Sibery,Engineering
510,Gerry Gagie,Product Management
511,Rani Marwick,Engineering
512,Dita Bediss,Product Management
513,Vonni Pentony,Product Management
514,Aland Dubose,Research and Development
515,Aliza Graddell,Business Development
516,Sarena Fryer,Sales
517,Jammal Tenant,Training
518,Jessie Botton,Legal
519,Gloriane Baytrop,Research and Development
520,Reeba Chaters,Training
521,Vyky Escalero,Marketing
522,Dyanna Creswell,Services
523,Ike Goman,Research and Development
524,Krista Sothcott,Sales
525,Spence Aseef,Marketing
526,Darlene Rapinett,Accounting
527,Ashton Vahl,Product Management
528,Nonie Targetter,Business Development
529,Ware Dinnington,Human Resources
530,Masha Casero,Marketing
531,Jeana Tomsa,Sales
532,Trevar Boath,Accounting
533,Smith Larwell,Accounting
534,Joannes Berre,Legal
535,Herta Bennion,Product Management
536,Doreen Killelay,Research and Development
537,Pierette Elion,Training
538,Arny Oehm,Training
539,Lissi Riddoch,Services
540,Norina Peperell,Business Development
541,Devondra Claybourn,Legal
542,Charmain Greener,Accounting
543,Ring Coggen,Sales
544,Erskine Mears,Services
545,Philip O'Hengerty,Training
546,Arlyn Farens,Services
547,Adriano Mattia,Sales
548,Quint Walklett,Human Resources
549,Clarie Rime,Services
550,Lise Linthead,Sales
551,Raynell Roark,Engineering
552,Wynne Ackerley,Accounting
553,Errick Collopy,Training
554,Marcos Ardley,Training
555,Jozef Eccleston,Marketing
556,Phyllis Denkel,Engineering
557,Odell Sawell,Human Resources
558,Torrie Dinnage,Training
559,Henrik Headey,Business Development
560,Kristine Dreinan,Business Development
561,Nichole Mc Pake,Legal
562,Erl Glashby,Product Management
563,Everett Labat,Services
564,Brita Danielut,Marketing
565,Stacy Tebboth,Engineering
566,Derby Guiducci,Services
567,Dewitt Augustin,Product Management
568,Ainslie Matten,Legal
569,Jefferey Loch,Accounting
570,Nicolis Babinski,Business Development
571,Giselle Welbourn,Marketing
572,Bree Ellens,Engineering
573,Wilbert Gautrey,Training
574,Delinda Dunbobin,Marketing
575,Georgy Demke,Sales
576,Hubey Dufer,Services
577,Hanni Larchiere,Training
578,Husein O'Ferris,Engineering
579,Heywood Hardcastle,Engineering
580,Richardo Allerton,Training
581,Tamra Girardot,Support
582,Letta McKerrow,Support
583,Clemmy Dudgeon,Engineering
584,Clywd Gusticke,Legal
585,Francisca Whetnall,Sales
586,Flss Bilovsky,Marketing
587,Archibaldo Shrigley,Human Resources
588,Gilberta Beig,Accounting
589,Gertrude Passingham,Product Management
590,Cord Rembaud,Sales
591,Augustine Besant,Human Resources
592,Yetty Seddon,Human Resources
593,Shoshanna Challoner,Support
594,Borg Kimbling,Support
595,Pincas Cragell,Product Management
596,Man Ardling,Sales
597,Garrek Hamberstone,Research and Development
598,Christian Barnfather,Business Development
599,Ilse Calbreath,Marketing
600,Germain Wurz,Engineering
601,Nert Stilgo,Training
602,Cello Henner,Support
603,Derk Curnucke,Product Management
604,Millard Doble,Sales
605,Burnaby Whitmore,Sales
606,Quintana Rendell,Engineering
607,Antin Austin,Support
608,Colline Abelwhite,Training
609,Lucian Shakle,Human Resources
610,Linet Prestland,Training
611,Robinet Mutlow,Accounting
612,Harmonie Goodanew,Human Resources
613,Inge Domelow,Accounting
614,Laurence Heminsley,Sales
615,Corny Beecraft,Business Development
616,Rex Crudge,Legal
617,Wyndham Sparshett,Training
618,Gilberta Fuggles,Training
619,Reece Exeter,Legal
620,Roch Hanlon,Services
621,Bobby McCorrie,Marketing
622,Ki Rivlin,Support
623,Cheri Brunicke,Marketing
624,Ruddie Welling,Accounting
625,Romeo Pote,Accounting
626,Stacy Buy,Support
627,Nathaniel Withrington,Business Development
628,Josephine Snaden,Training
629,Allina Cubitt,Marketing
630,Stu Sawley,Marketing
631,Antons Syder,Product Management
632,Joanne McElane,Training
633,Ingelbert Arrandale,Human Resources
634,Vivie Durand,Research and Development
635,Tremain Longford,Services
636,Mitchell Dudson,Services
637,Cary Fussie,Research and Development
638,Roddie Prestner,Business Development
639,Jenn Varley,Engineering
640,Cirilo Honniebal,Legal
641,Reinaldos Von Hindenburg,Support
642,Glynnis Jinda,Engineering
643,Eydie Brock,Product Management
644,Ellsworth Huscroft,Support
645,Mikkel Armall,Marketing
646,De Firbank,Marketing
647,Frederich Bedbury,Human Resources
648,Gwen Hofner,Engineering
649,Noell Fermoy,Support
650,Elizabet Burndred,Research and Development
651,Mirna Doerren,Services
652,Giorgi Shmyr,Human Resources
653,Jeni Schriren,Research and Development
654,Gracie Byfield,Research and Development
655,Barbe Bartholomaus,Product Management
656,Bobbette Allinson,Services
657,Viola Cleeves,Services
658,Hannah Whysall,Product Management
659,Kylie Fronsek,Research and Development
660,Steve Ughi,Accounting
661,Tracy Dunster,Training
662,Kakalina Mityashin,Accounting
663,Maia Sheere,Legal
664,Jasun Vispo,Marketing
665,Josey Brewins,Training
666,Oren Ogborn,Sales
667,Timotheus Pacheco,Support
668,Shaw Lamborne,Support
669,Jammie Doylend,Human Resources
670,Cody Carnelley,Legal
671,Hanni Gemmell,Training
672,Franky Kemwall,Human Resources
673,Barbey Booley,Services
674,Bartlet Crosoer,Research and Development
675,Briana Greder,Legal
676,Bernelle Troker,Marketing
677,Calvin Munks,Product Management
678,Toby Leap,Research and Development
679,Bond Dowall,Marketing
680,Kaylil McAmish,Legal
681,Tawnya Brian,Business Development
682,Even Spurdon,Support
683,Vincent Matthewson,Support
684,Lainey Chellingworth,Marketing
685,Julieta Mathan,Sales
686,Katrinka Reilly,Human Resources
687,Nisse Heine,Product Management
688,Karlis Pulley,Services
689,Babette Guilbert,Services
690,Vanya MacIllrick,Marketing
691,Nappy Wards,Training
692,Ibrahim Whitters,Legal
693,Thomas Ottey,Support
694,Pearl Domerque,Marketing
695,Godfree Juzek,Marketing
696,Julita Shallo,Human Resources
697,Fayre Sabate,Training
698,Asher Armand,Legal
699,Jemima Allmen,Services
700,Eloisa Wanjek,Sales
701,Currie Portress,Legal
702,Pearle Morrott,Product Management
703,Bridget Frend,Legal
704,Audi Filpi,Sales
705,Delainey Lukehurst,Accounting
706,Sammie Osman,Business Development
707,Chloris Fouracres,Services
708,Sherrie Rooney,Business Development
709,Domingo Archanbault,Training
710,Merrily Humphris,Sales
711,Anthony Probets,Product Management
712,Augusto Anthoine,Marketing
713,Jobina Duker,Accounting
714,Adriana Rattrie,Product Management
715,Gwenette Norquoy,Research and Development
716,Lynde Brinkworth,Research and Development
717,Farr Cescoti,Services
718,Nataniel McArley,Product Management
719,Mil Gallichan,Services
720,Cynthea Crandon,Marketing
721,Sashenka Comben,Services
722,Wernher O'Crigan,Engineering
723,Clemence Boreham,Accounting
724,Dudley Keets,Research and Development
725,Bradly Hardstaff,Services
726,Ronny Seelbach,Marketing
727,Lurleen Ilyinski,Human Resources
728,Sargent Mabbs,Services
729,Joeann Hundley,Business Development
730,Elisabet Robertshaw,Research and Development
731,Gill Whitby,Services
732,Lucienne O'Grada,Sales
733,Alf Noquet,Product Management
734,Danya Arrigo,Support
735,Jeni Fones,Human Resources
736,Melba Alyokhin,Marketing
737,Miller Starrs,Product Management
738,Dori Matevosian,Training
739,Marielle Batho,Training
740,Talia Cuncarr,Engineering
741,Cynthea Thelwll,Training
742,Cecily Sarfass,Sales
743,Valentine Dingsdale,Research and Development
744,Dom Chidwick,Accounting
745,Calli Houlden,Accounting
746,Lynette Grayshan,Marketing
747,Crystie Ghent,Engineering
748,Devora Standley,Business Development
749,Rhianna Bortoletti,Product Management
750,Magdalena Marrian,Support
751,Ree Mitchenson,Business Development
752,Nicki Peggrem,Sales
753,Dara Mathewson,Business Development
754,Mavis Deniseau,Business Development
755,Alberto Schimpke,Business Development
756,Shalna Trainer,Business Development
757,Hi Beggini,Legal
758,Gaultiero Vandrill,Product Management
759,Ferdinanda Breeze,Sales
760,Hedwig Shankland,Legal
761,Warde Livoir,Sales
762,Tito Sickling,Services
763,Randi Greenhall,Accounting
764,Chico Coppledike,Training
765,Brig O'Toole,Legal
766,Izaak de Leon,Support
767,Cathyleen Muckloe,Research and Development
768,Raynard Waison,Support
769,Kristen Dagless,Services
770,Maje Goscar,Engineering
771,Thedrick Blazevic,Legal
772,Ruthi Pedlingham,Legal
773,Robb Coffey,Sales
774,Camellia Gwyer,Legal
775,Myron Huffy,Product Management
776,Deloria Greenough,Human Resources
777,Kimberlee Lepere,Sales
778,Hermie Kulas,Sales
779,Lethia Rutgers,Services
780,Isac Elletson,Legal
781,Euell Le Gallo,Engineering
782,Liza O'Cridigan,Product Management
783,Kerstin Nazer,Sales
784,Gabriel Boothby,Business Development
785,Meghan Blackston,Engineering
786,Basilius Robathon,Business Development
787,Rochester Escot,Business Development
788,Montgomery Ward,Human Resources
789,Alayne Geare,Legal
790,Candy Franceschielli,Accounting
791,Noe O'Rudden,Engineering
792,Clareta Lightewood,Legal
793,Desdemona Budd,Business Development
794,Dene Kase,Sales
795,Zilvia Alstead,Support
796,Elwira Lemon,Research and Development
797,Gennie Kynvin,Services
798,Brittne Gunning,Marketing
799,Sigismundo Goosnell,Legal
800,Roseanne Derrell,Legal
801,Jacenta Drains,Human Resources
802,Odele Phuprate,Support
803,Wilton Hurdwell,Training
804,Rachele Slimm,Training
805,Reube Salvadore,Services
806,Mollee Glitherow,Business Development
807,Lebbie Ridsdole,Marketing
808,Wat Cresser,Accounting
809,Humfried Denney,Product Management
810,Angelia Kohn,Research and Development
811,Rheba Waggatt,Human Resources
812,Norbie Deware,Support
813,Winny Bedingfield,Legal
814,Sayres Camber,Sales
815,Cecelia Lumm,Engineering
816,Sherlock Huntar,Product Management
817,Christoper Maling,Accounting
818,Nicholas Gebuhr,Legal
819,Theo Quinsee,Marketing
820,Clair Wadly,Sales
821,Abran Lochrie,Marketing
822,Jacqui Walczynski,Training
823,Caroljean Wrennall,Business Development
824,Donnie Vuitton,Human Resources
825,Cornie Grover,Research and Development
826,Teddi McIlwraith,Support
827,Oates Cane,Services
828,Rora Bailess,Business Development
829,Inness Le Marquis,Legal
830,Amanda Halpine,Services
831,Zahara Patsall,Sales
832,Arnuad Curtain,Training
833,Cristy Hansel,Research and Development
834,Adiana Olkowicz,Product Management
835,Michale Sails,Research and Development
836,Werner Rippingale,Training
837,Cacilie Beverstock,Legal
838,Dalston Searsby,Support
839,Waylon Blemen,Services
840,Elle Brood,Training
841,Stephine Kleinpeltz,Accounting
842,Chadd Yacob,Human Resources
843,Erinn Job,Marketing
844,Ennis Fernley,Human Resources
845,Noni Munnings,Engineering
846,Flossie Demke,Product Management
847,Gannon Gemmill,Human Resources
848,Jeane Shear,Research and Development
849,Dimitry Colrein,Product Management
850,Max Morat,Research and Development
851,Martie Glyn,Support
852,Hilliary Neylon,Product Management
853,Ravi McElhargy,Services
854,Lelah Helstrom,Engineering
855,Goober Grenville,Marketing
856,Henderson Lane,Engineering
857,Andra Pembry,Support
858,Deva Grocott,Product Management
859,Carina Hambric,Accounting
860,Spence Faro,Training
861,Tessie Counsell,Training
862,David Dranfield,Services
863,Jaquith Pennino,Legal
864,Neil Hackney,Services
865,Fair Bartosik,Marketing
866,Neville Oughtright,Product Management
867,Melanie Puddefoot,Training
868,Ferd Richter,Accounting
869,Meryl Monelle,Engineering
870,Anabelle Vinker,Training
871,Daron Fiddiman,Accounting
872,Marianna Lukes,Engineering
873,Brnaby Slowgrave,Support
874,Gilbert Padginton,Services
875,Jeannie Dunsmore,Training
876,Leigh Blondin,Product Management
877,Whittaker Korfmann,Product Management
878,Hedda Pulford,Research and Development
879,Vivian Pimlett,Engineering
880,Trace Bennen,Training
881,Lorin Kun,Product Management
882,Andrew Jochanany,Research and Development
883,Gordie Greenan,Product Management
884,Oates Boller,Sales
885,Der Brickdale,Accounting
886,Eziechiele Heifer,Research and Development
887,Sergeant Shakshaft,Legal
888,Angie Synder,Research and Development
889,Chelsae Gaggen,Business Development
890,Dasya Reaney,Business Development
891,Adore Sparkwell,Sales
892,Florencia Pothergill,Marketing
893,Gustav Arrow,Human Resources
894,Farrel Fryatt,Legal
895,Grange Belcham,Legal
896,Olva Grocock,Business Development
897,Darda Osgood,Engineering
898,Alena Thurlbourne,Training
899,Misty Hessay,Product Management
900,Randa Hakking,Sales
901,Chloette Loines,Human Resources
902,Wyndham Ricold,Product Management
903,Corbett Pryce,Training
904,Broddie Yannoni,Accounting
905,Aryn Hail,Marketing
906,Thacher Nesey,Research and Development
907,Carlo Kinker,Sales
908,Jud Dalston,Accounting
909,Cobby Filyashin,Human Resources
910,Hettie Gravett,Business Development
911,Yale Woolhouse,Accounting
912,Lynde Sibthorp,Accounting
913,Rock Grigsby,Engineering
914,Jameson Manhare,Accounting
915,Perry Whaplington,Engineering
916,Nealson O' Neligan,Sales
917,Conway FitzGilbert,Training
918,Leeanne Schoenfisch,Support
919,Osborne Deverson,Marketing
920,Iolande Fronczak,Business Development
921,Nevins Grimwade,Product Management
922,Shellie Balnave,Services
923,Shelagh Brisse,Marketing
924,Yuma Noseworthy,Product Management
925,Ulick Studholme,Product Management
926,Mitzi Buttriss,Legal
927,Clayton Van De Cappelle,Support
928,Danna Eglaise,Product Management
929,Ki Woodroff,Services
930,Yale Nodes,Product Management
931,Noland Manifield,Research and Development
932,Montgomery Nuccii,Legal
933,Mohammed Beldam,Marketing
934,Stoddard Widdowes,Research and Development
935,Celie Wayvill,Marketing
936,Gale Tamburi,Engineering
937,Stearn Paolacci,Legal
938,Grantley Saladine,Services
939,Staffard McAnulty,Legal
940,Gale Cadd,Legal
941,Rana Borrell,Sales
942,Sena Rentoul,Services
943,Leicester Capper,Training
944,Dodi Sheryne,Legal
945,Vinny Fullegar,Business Development
946,Guy Linne,Services
947,Edgardo Milleton,Sales
948,Pincus Mullin,Training
949,Inger D'Errico,Human Resources
950,Artair Rawlins,Training
951,Phillida Cambling,Accounting
952,Bud Rembrandt,Engineering
953,Gregory Hanster,Legal
954,Ellary Schutter,Support
955,Jessie McQuaker,Accounting
956,Adi Meier,Services
957,Glynn Wellstood,Accounting
958,Wilmette Elsy,Services
959,Bord Witchell,Research and Development
960,Michael Parnaby,Support
961,Jarret Grassin,Business Development
962,Nesta Kauschke,Accounting
963,Daniela Jaycocks,Business Development
964,Vincent Lidgely,Support
965,Jennilee Vince,Business Development
966,Giusto Maccari,Marketing
967,Angel Blackwell,Marketing
968,Candy Twinbrow,Human Resources
969,Maurene Jendrassik,Accounting
970,Sean Skillicorn,Services
971,Saunderson Peer,Marketing
972,Riobard Pohls,Accounting
973,Kurt Tether,Services
974,Susannah Abbot,Services
975,Thorsten Helleker,Support
976,Missy Andrichak,Product Management
977,Orlando Pearce,Business Development
978,Aurlie Burgoin,Research and Development
979,Phyllys Jahndel,Legal
980,Ibrahim Conaghy,Business Development
981,Kean McGifford,Legal
982,Willetta Kwiek,Human Resources
983,Marrissa Tait,Sales
984,Lizzy Frodsham,Accounting
985,Rosalie Nelles,Human Resources
986,Sapphira Panner,Accounting
987,Kendra Craft,Engineering
988,Codie Tilt,Research and Development
989,Monro Garrals,Research and Development
990,Timmy Loughren,Accounting
991,Debi Ditch,Human Resources
992,Julio Levinge,Services
993,Patrick Sloegrave,Support
994,Kasey Cornelissen,Research and Development
995,Wit Slack,Business Development
996,Normie Weems,Legal
997,Nonah Landsborough,Support
998,Geri Iglesias,Training
999,Art Churchman,Support
1000,Cordell O'Kelly,Human Resources
